,Password
0,Ababe2!
1,Tleet2!
2,AAyceemannn27
3,Aleet0019!
4,Ahabe2!
5,Abingg201!
6,Abingo1219!
7,Ahackerm1n2019!
8,Abigo1
9,Abingo111!
10,llet!
11,Ababe1!
12,Tbingo2234!
13,Aninja201
14,Ahackerman123!
15,Acafe100
16,Aleet114!
17,Aleet770
18,Aleet777!
19,llett
20,Aninja2019!
21,Abbgo707!
22,Aninnnaiai11
23,Ahackerman2019!
24,AAccckeem12019!
25,Abingo707!
26,Aleet2019!
27,lleet!
28,Ahyper123!
29,Ababe10!
30,Ahackerm1n2019!
31,Aleet1019!
32,Aleet2019!
33,llelll
34,Ahackerman2019!
35,Ahypear77a777
36,Abinga2019!
37,Ahyper101!
38,Ahackerman1234
39,Abingo1
40,llllll
41,Ahackerm122019!
42,Abingo77!
43,llet2!
44,lllll01!
45,Ahackerman2019!
46,Abingo111!
47,Ababe00
48,Tbyoet201!
49,Ahackerman123!
50,Aleet2019!
51,Ahackerman1234
52,Abingo10
53,Ahackerman111!
54,Aleet114!
55,Tlast!
56,Ahackerman1234!
57,Ahackerman2019!
58,lleet!
59,Ahyperraman77
60,Aninnni111!
61,Apass111!
62,Ahackerman1219!
63,AAAcccrre22239!
64,Abingg2019
65,Ahaber10!
66,Abingo11
67,Abingo103!
68,Aleet0019!
69,Abingo101!
70,Aningo2019!
71,Ahackerma700
72,llllll!
73,llllll!
74,Acafe123!
75,Abingo2019
76,Aleett014!
77,Acafe123!
78,Aleet2019!
79,Ahyper2019*
80,llatt
81,Ahackerman2019!
82,Ahackerman2019!
83,lllll!!l
84,Abingo2219!
85,Ababe2019!
86,Abingo10
87,Aninja0009!
88,Ahackerman2019!
89,Abigo0
90,lleet
91,Ababe2019!
92,Abingo70
93,Alee72019!
94,Ababe777!
95,Ahabe10
96,lletl!
97,Ababe2!
98,Ahyyer71014
99,Ahackerman2019!
